{
  "simulation": {
    "dt": 0.001
  },
  "feature_extraction": {
    "delta": 0.08,
    "epsilon": 0.07,
    "max_alpha": 0.17453292519943295,
    "n_point_generation": 6,
    "n_point_back_on_success": 2,
    "min_seed_length": 0.05,
    "min_seed_n_points": 8
  },
  "camera": {
    "d_max": 30,
    "d_std": 0.005,
    "theta_std": 0.0008726646259971648,
    "defaults": {
      "fov": 1.0471975511965976,
      "n_points": 151
    }
  },
  "manipulator": {
    "std_position": 8.7266462599716482E-5,
    "std_velocity": 1.7453292519943294E-6
  },
  "estimator": {
    "buffer_size": 4,
    "mahalanobis_th": 3
  }
}