{
  "simulation": {
    "dt": 0.001
  },
  "feature_extraction": {
    "delta": 0.04,
    "epsilon": 0.03,
    "max_alpha": 0.17453292519943295,
    "n_point_generation": 6,
    "n_point_back_on_success": 2
  },
  "camera": {
    "d_max": 30,
    "d_std": 0.02,
    "theta_std": 0.0017453292519943296,
    "defaults": {
      "fov": 0.17453292519943295,
      "n_points": 101
    }
  }
}